<?xml version="1.0" encoding="UTF-8"?>
<metadata xml:lang="en">
  <Esri>
    <CreaDate>20111118</CreaDate>
    <CreaTime>11430900</CreaTime>
    <SyncOnce>FALSE</SyncOnce>
    <SyncDate>20110425</SyncDate>
    <SyncTime>13110000</SyncTime>
    <ModDate>20110425</ModDate>
    <ModTime>13110000</ModTime>
    <DataProperties>
      <lineage>
        <Process Name="FeatureClassToFeatureClass_1" ToolSource="C:\Program Files\ArcGIS\ArcToolbox\Toolboxes\Conversion Tools.tbx\FeatureClassToFeatureClass" Date="20070605" Time="115122">FeatureClassToFeatureClass C:\WorkSpace\Marine_workspace\MEOW\EcoRegions_workspace\MEOWv2_workspace\MEOWv2_04jun07.shp C:\WorkSpace\Marine_workspace\MEOW\EcoRegions_workspace\MEOWv2_workspace\MEOWv2_Topology_GDB.mdb\MEOWv2_04jun07 MEOWv2_04jun07 # "ECO_CODE ECO_CODE true false false 19 Double 0 0 ,First,#,C:\WorkSpace\Marine_workspace\MEOW\EcoRegions_workspace\MEOWv2_workspace\MEOWv2_04jun07.shp,ECO_CODE,-1,-1;ECOREGION ECOREGION true false false 50 Text 0 0 ,First,#,C:\WorkSpace\Marine_workspace\MEOW\EcoRegions_workspace\MEOWv2_workspace\MEOWv2_04jun07.shp,ECOREGION,-1,-1;PROV_CODE PROV_CODE true false false 19 Double 0 0 ,First,#,C:\WorkSpace\Marine_workspace\MEOW\EcoRegions_workspace\MEOWv2_workspace\MEOWv2_04jun07.shp,PROV_CODE,-1,-1;PROVINCE PROVINCE true false false 40 Text 0 0 ,First,#,C:\WorkSpace\Marine_workspace\MEOW\EcoRegions_workspace\MEOWv2_workspace\MEOWv2_04jun07.shp,PROVINCE,-1,-1;RLM_CODE RLM_CODE true false false 19 Double 0 0 ,First,#,C:\WorkSpace\Marine_workspace\MEOW\EcoRegions_workspace\MEOWv2_workspace\MEOWv2_04jun07.shp,RLM_CODE,-1,-1;REALM REALM true false false 40 Text 0 0 ,First,#,C:\WorkSpace\Marine_workspace\MEOW\EcoRegions_workspace\MEOWv2_workspace\MEOWv2_04jun07.shp,REALM,-1,-1;ALT_CODE ALT_CODE true false false 14 Double 0 14 ,First,#,C:\WorkSpace\Marine_workspace\MEOW\EcoRegions_workspace\MEOWv2_workspace\MEOWv2_04jun07.shp,ALT_CODE,-1,-1;ECO_CODE_X ECO_CODE_X true false false 14 Double 0 14 ,First,#,C:\WorkSpace\Marine_workspace\MEOW\EcoRegions_workspace\MEOWv2_workspace\MEOWv2_04jun07.shp,ECO_CODE_X,-1,-1" # C:\WorkSpace\Marine_workspace\MEOW\EcoRegions_workspace\MEOWv2_workspace\MEOWv2_Topology_GDB.mdb\MEOWv2_04jun07\MEOWv2_04jun07</Process>
        <Process Name="FeatureClassToFeatureClass_1" ToolSource="C:\Program Files\ArcGIS\ArcToolbox\Toolboxes\Conversion Tools.tbx\FeatureClassToFeatureClass" Date="20070605" Time="150240">FeatureClassToFeatureClass C:\WorkSpace\Marine_workspace\MEOW\EcoRegions_workspace\MEOWv2_workspace\MEOWv2_Topology_GDB.mdb\MEOWv2_05jun07\MEOWv2_04jun07 C:\WorkSpace\Marine_workspace\MEOW\EcoRegions_workspace\MEOWv2_workspace MEOWv2_05jun07.shp # "ECO_CODE ECO_CODE true true false 8 Double 0 0 ,First,#,C:\WorkSpace\Marine_workspace\MEOW\EcoRegions_workspace\MEOWv2_workspace\MEOWv2_Topology_GDB.mdb\MEOWv2_05jun07\MEOWv2_04jun07,ECO_CODE,-1,-1;ECOREGION ECOREGION true true false 50 Text 0 0 ,First,#,C:\WorkSpace\Marine_workspace\MEOW\EcoRegions_workspace\MEOWv2_workspace\MEOWv2_Topology_GDB.mdb\MEOWv2_05jun07\MEOWv2_04jun07,ECOREGION,-1,-1;PROV_CODE PROV_CODE true true false 8 Double 0 0 ,First,#,C:\WorkSpace\Marine_workspace\MEOW\EcoRegions_workspace\MEOWv2_workspace\MEOWv2_Topology_GDB.mdb\MEOWv2_05jun07\MEOWv2_04jun07,PROV_CODE,-1,-1;PROVINCE PROVINCE true true false 40 Text 0 0 ,First,#,C:\WorkSpace\Marine_workspace\MEOW\EcoRegions_workspace\MEOWv2_workspace\MEOWv2_Topology_GDB.mdb\MEOWv2_05jun07\MEOWv2_04jun07,PROVINCE,-1,-1;RLM_CODE RLM_CODE true true false 8 Double 0 0 ,First,#,C:\WorkSpace\Marine_workspace\MEOW\EcoRegions_workspace\MEOWv2_workspace\MEOWv2_Topology_GDB.mdb\MEOWv2_05jun07\MEOWv2_04jun07,RLM_CODE,-1,-1;REALM REALM true true false 40 Text 0 0 ,First,#,C:\WorkSpace\Marine_workspace\MEOW\EcoRegions_workspace\MEOWv2_workspace\MEOWv2_Topology_GDB.mdb\MEOWv2_05jun07\MEOWv2_04jun07,REALM,-1,-1;ALT_CODE ALT_CODE true true false 8 Double 0 0 ,First,#,C:\WorkSpace\Marine_workspace\MEOW\EcoRegions_workspace\MEOWv2_workspace\MEOWv2_Topology_GDB.mdb\MEOWv2_05jun07\MEOWv2_04jun07,ALT_CODE,-1,-1;ECO_CODE_X ECO_CODE_X true true false 8 Double 0 0 ,First,#,C:\WorkSpace\Marine_workspace\MEOW\EcoRegions_workspace\MEOWv2_workspace\MEOWv2_Topology_GDB.mdb\MEOWv2_05jun07\MEOWv2_04jun07,ECO_CODE_X,-1,-1;Shape_Leng Shape_Length false true true 8 Double 0 0 ,First,#,C:\WorkSpace\Marine_workspace\MEOW\EcoRegions_workspace\MEOWv2_workspace\MEOWv2_Topology_GDB.mdb\MEOWv2_05jun07\MEOWv2_04jun07,Shape_Length,-1,-1;Shape_Area Shape_Area false true true 8 Double 0 0 ,First,#,C:\WorkSpace\Marine_workspace\MEOW\EcoRegions_workspace\MEOWv2_workspace\MEOWv2_Topology_GDB.mdb\MEOWv2_05jun07\MEOWv2_04jun07,Shape_Area,-1,-1" # C:\WorkSpace\Marine_workspace\MEOW\EcoRegions_workspace\MEOWv2_workspace\MEOWv2_05jun07.shp</Process>
        <Process Name="FeatureClassToFeatureClass_2" ToolSource="C:\Program Files\ArcGIS\ArcToolbox\Toolboxes\Conversion Tools.tbx\FeatureClassToFeatureClass" Date="20070926" Time="145324">FeatureClassToFeatureClass C:\GISdata\TNCboundaries\Marine\MEOWv2.shp C:\GISdata\TNCboundaries\Marine\tnc_mar_ecos.mdb\mar_ecos MEOWv2 # "ECO_CODE ECO_CODE true false false 19 Double 0 0 ,First,#,C:\GISdata\TNCboundaries\Marine\MEOWv2.shp,ECO_CODE,-1,-1;ECOREGION ECOREGION true false false 50 Text 0 0 ,First,#,C:\GISdata\TNCboundaries\Marine\MEOWv2.shp,ECOREGION,-1,-1;PROV_CODE PROV_CODE true false false 19 Double 0 0 ,First,#,C:\GISdata\TNCboundaries\Marine\MEOWv2.shp,PROV_CODE,-1,-1;PROVINCE PROVINCE true false false 40 Text 0 0 ,First,#,C:\GISdata\TNCboundaries\Marine\MEOWv2.shp,PROVINCE,-1,-1;RLM_CODE RLM_CODE true false false 19 Double 0 0 ,First,#,C:\GISdata\TNCboundaries\Marine\MEOWv2.shp,RLM_CODE,-1,-1;REALM REALM true false false 40 Text 0 0 ,First,#,C:\GISdata\TNCboundaries\Marine\MEOWv2.shp,REALM,-1,-1;ALT_CODE ALT_CODE true false false 19 Double 0 0 ,First,#,C:\GISdata\TNCboundaries\Marine\MEOWv2.shp,ALT_CODE,-1,-1;ECO_CODE_X ECO_CODE_X true false false 19 Double 0 0 ,First,#,C:\GISdata\TNCboundaries\Marine\MEOWv2.shp,ECO_CODE_X,-1,-1;Shape_Leng Shape_Leng true false false 19 Double 0 0 ,First,#,C:\GISdata\TNCboundaries\Marine\MEOWv2.shp,Shape_Leng,-1,-1;Shape_Area Shape_Area true false false 19 Double 0 0 ,First,#,C:\GISdata\TNCboundaries\Marine\MEOWv2.shp,Shape_Area,-1,-1;Lat_Zone Lat_Zone true false false 10 Text 0 0 ,First,#,C:\GISdata\TNCboundaries\Marine\MEOWv2.shp,Lat_Zone,-1,-1" # C:\GISdata\TNCboundaries\Marine\tnc_mar_ecos.mdb\mar_ecos\MEOWv2</Process>
        <Process ToolSource="C:\Program Files\ArcGIS\ArcToolbox\Toolboxes\Data Management Tools.tbx\RepairGeometry" Date="20101005" Time="133754">RepairGeometry meow_ecos DELETE_NULL meow_ecos</Process>
        <Process ToolSource="C:\Program Files\ArcGIS\ArcToolbox\Toolboxes\Conversion Tools.tbx\FeatureClassToFeatureClass" Date="20101201" Time="120044">FeatureClassToFeatureClass C:\GISdata\TNCboundaries\EcoregionsERAs\tnc_mar_ecos.mdb\mar_ecos\meow_ecos C:\GISdata\WWF_ecoregions\Google_MEOW.mdb meow_ecos # "ECO_CODE 'ECO_CODE' true true false 8 Double 0 0 ,First,#,C:\GISdata\TNCboundaries\EcoregionsERAs\tnc_mar_ecos.mdb\mar_ecos\meow_ecos,ECO_CODE,-1,-1;ECOREGION 'ECOREGION' true true false 50 Text 0 0 ,First,#,C:\GISdata\TNCboundaries\EcoregionsERAs\tnc_mar_ecos.mdb\mar_ecos\meow_ecos,ECOREGION,-1,-1;PROV_CODE 'PROV_CODE' true true false 8 Double 0 0 ,First,#,C:\GISdata\TNCboundaries\EcoregionsERAs\tnc_mar_ecos.mdb\mar_ecos\meow_ecos,PROV_CODE,-1,-1;PROVINCE 'PROVINCE' true true false 40 Text 0 0 ,First,#,C:\GISdata\TNCboundaries\EcoregionsERAs\tnc_mar_ecos.mdb\mar_ecos\meow_ecos,PROVINCE,-1,-1;RLM_CODE 'RLM_CODE' true true false 8 Double 0 0 ,First,#,C:\GISdata\TNCboundaries\EcoregionsERAs\tnc_mar_ecos.mdb\mar_ecos\meow_ecos,RLM_CODE,-1,-1;REALM 'REALM' true true false 40 Text 0 0 ,First,#,C:\GISdata\TNCboundaries\EcoregionsERAs\tnc_mar_ecos.mdb\mar_ecos\meow_ecos,REALM,-1,-1;ALT_CODE 'ALT_CODE' true true false 8 Double 0 0 ,First,#,C:\GISdata\TNCboundaries\EcoregionsERAs\tnc_mar_ecos.mdb\mar_ecos\meow_ecos,ALT_CODE,-1,-1;ECO_CODE_X 'ECO_CODE_X' true true false 8 Double 0 0 ,First,#,C:\GISdata\TNCboundaries\EcoregionsERAs\tnc_mar_ecos.mdb\mar_ecos\meow_ecos,ECO_CODE_X,-1,-1;Shape_Leng 'Shape_Leng' true true false 8 Double 0 0 ,First,#,C:\GISdata\TNCboundaries\EcoregionsERAs\tnc_mar_ecos.mdb\mar_ecos\meow_ecos,Shape_Leng,-1,-1;Lat_Zone 'Lat_Zone' true true false 10 Text 0 0 ,First,#,C:\GISdata\TNCboundaries\EcoregionsERAs\tnc_mar_ecos.mdb\mar_ecos\meow_ecos,Lat_Zone,-1,-1;Shape_Length 'Shape_Length' false true true 8 Double 0 0 ,First,#,C:\GISdata\TNCboundaries\EcoregionsERAs\tnc_mar_ecos.mdb\mar_ecos\meow_ecos,Shape_Length,-1,-1;Shape_Area 'Shape_Area' false true true 8 Double 0 0 ,First,#,C:\GISdata\TNCboundaries\EcoregionsERAs\tnc_mar_ecos.mdb\mar_ecos\meow_ecos,Shape_Area,-1,-1" # C:\GISdata\WWF_ecoregions\Google_MEOW.mdb\meow_ecos</Process>
        <Process ToolSource="C:\Program Files\ArcGIS\ArcToolbox\Toolboxes\Data Management Tools.tbx\RepairGeometry" Date="20101201" Time="120059">RepairGeometry C:\GISdata\WWF_ecoregions\Google_MEOW.mdb\meow_ecos DELETE_NULL C:\GISdata\WWF_ecoregions\Google_MEOW.mdb\meow_ecos</Process>
        <Process ToolSource="C:\Program Files\ArcGIS\ArcToolbox\Toolboxes\Data Management Tools.tbx\MultipartToSinglepart" Date="20101201" Time="120356">MultipartToSinglepart C:\GISdata\WWF_ecoregions\Google_MEOW.mdb\meow_ecos C:\GISdata\WWF_ecoregions\Google_MEOW.mdb\meow_ecos_expl</Process>
        <Process ToolSource="C:\Program Files\ArcGIS\ArcToolbox\Toolboxes\Data Management Tools.tbx\RepairGeometry" Date="20101201" Time="120406">RepairGeometry C:\GISdata\WWF_ecoregions\Google_MEOW.mdb\meow_ecos_expl DELETE_NULL C:\GISdata\WWF_ecoregions\Google_MEOW.mdb\meow_ecos_expl</Process>
        <Process ToolSource="C:\Program Files\ArcGIS\Desktop10.0\ArcToolbox\Toolboxes\Analysis Tools.tbx\Erase" Date="20110425" Time="131118">Erase meow_ecos_expl feow_ecos_snglpart D:\gis_tests\meow_ecos_expl_clipped.shp #</Process>
        <Process ToolSource="C:\Program Files (x86)\ArcGIS\Server10.0\ArcToolbox\Toolboxes\Data Management Tools.tbx\AddSpatialIndex" Date="20111118" Time="171123">AddSpatialIndex D:\arcgisserver\services\im\3b6b12e7bcca419990c9081c0af254a2\commondata\data0\meow_ecos_expl_clipped_expl.shp 0 0 0</Process>
      </lineage>
      <itemProps>
        <itemName Sync="TRUE">meow_ecos_expl_clipped</itemName>
        <imsContentType Sync="TRUE">002</imsContentType>
        <itemSize Sync="TRUE">0.000</itemSize>
        <itemLocation>
          <linkage Sync="TRUE">file://\\AA100-LKNDVD1\D$\atlas_online\meow\meow ecoregions 2011\commondata\data0\meow_ecos_expl_clipped_expl</linkage>
          <protocol Sync="TRUE">Local Area Network</protocol>
        </itemLocation>
      </itemProps>
      <coordRef>
        <type Sync="TRUE">Geographic</type>
        <geogcsn Sync="TRUE">GCS_WGS_1984</geogcsn>
        <peXml Sync="TRUE">&lt;GeographicCoordinateSystem xsi:type='typens:GeographicCoordinateSystem' xmlns:xsi='http://www.w3.org/2001/XMLSchema-instance' xmlns:xs='http://www.w3.org/2001/XMLSchema' xmlns:typens='http://www.esri.com/schemas/ArcGIS/10.0'&gt;&lt;WKT&gt;GEOGCS[&amp;quot;GCS_WGS_1984&amp;quot;,DATUM[&amp;quot;D_WGS_1984&amp;quot;,SPHEROID[&amp;quot;WGS_1984&amp;quot;,6378137.0,298.257223563]],PRIMEM[&amp;quot;Greenwich&amp;quot;,0.0],UNIT[&amp;quot;Degree&amp;quot;,0.0174532925199433],AUTHORITY[&amp;quot;EPSG&amp;quot;,4326]]&lt;/WKT&gt;&lt;XOrigin&gt;-399.99999999999989&lt;/XOrigin&gt;&lt;YOrigin&gt;-399.99999999999989&lt;/YOrigin&gt;&lt;XYScale&gt;11258999068426.24&lt;/XYScale&gt;&lt;ZOrigin&gt;-100000&lt;/ZOrigin&gt;&lt;ZScale&gt;10000&lt;/ZScale&gt;&lt;MOrigin&gt;-100000&lt;/MOrigin&gt;&lt;MScale&gt;10000&lt;/MScale&gt;&lt;XYTolerance&gt;8.9831528411952133e-009&lt;/XYTolerance&gt;&lt;ZTolerance&gt;0.001&lt;/ZTolerance&gt;&lt;MTolerance&gt;0.001&lt;/MTolerance&gt;&lt;HighPrecision&gt;true&lt;/HighPrecision&gt;&lt;LeftLongitude&gt;-180&lt;/LeftLongitude&gt;&lt;WKID&gt;4326&lt;/WKID&gt;&lt;/GeographicCoordinateSystem&gt;</peXml>
      </coordRef>
      <copyHistory>
        <copy source="D:\gis_tests\meow_ecos_expl_clipped_expl" dest="\\AA100-LKNDVD1\D$\atlas_online\meow\meow ecoregions 2011\commondata\data0\meow_ecos_expl_clipped_expl" date="20111118" time="11430900" />
      </copyHistory>
    </DataProperties>
    <ArcGISFormat>1.0</ArcGISFormat>
    <ArcGISstyle>ISO 19139 Metadata Implementation Specification</ArcGISstyle>
  </Esri>
  <idinfo>
    <native Sync="TRUE">Microsoft Windows XP Version 5.1 (Build 2600) Service Pack 3; ESRI ArcCatalog 9.3.1.3500</native>
    <descript>
      <langdata Sync="TRUE">en</langdata>
      <abstract>A biogeographic classification of the world's coastal and continental shelf waters following a nested hierarchy of realms, provinces and ecoregions.</abstract>
      <purpose>This classification represents a new work, derived by a team representing various conservation NGOs and acadamics. It is partly derived from existing classifications. The layer provides a geographic framework for a broad range of analyses relating to biodiversity (including measures of condition, threat, and conservation progress) in the marine environment.</purpose>
      <supplinf>USERS PLEASE NOTE - shapefile does NOT accurately represent outer MEOW boundaries: 
     As specified in the original publications, the boundaries in this shapefile have been extended out some 200 nautical miles from land (and this buffer is extended to include any additional marine areas less than 200metres in depth which lie beyond this distance). This outer boundary buffer is primarily drawn here to ease visibility of ecoregions in global and regional scale maps. Similarly the inland boundaries of the ecoregions extend far inland - a convention to ensure inclusion of any coastline and estuarine/lagoonal systems which may be derived from different map sources. As specified, the ecoregional classification relates primarily to coast and shelf biotas for which a 200m depth contour is a more accurate indicative boundary. It is therefore not an appropriate use of the data to calculate total ecoregion areas or generate other area or volumetric dependent statistics using these boundaries alone. A version of the shapefile cut to shelf areas will be released on this site by December 2007.

Download this data at:
http://conserveonline.org/workspaces/ecoregional.shapefile/</supplinf>
    </descript>
    <citation>
      <citeinfo>
        <origin>MEOW Working Group (Spalding et al.)</origin>
        <pubdate>July, 2007 (updated Oct. 2008)</pubdate>
        <title>Marine Ecoregions of the World (MEOW)</title>
        <ftname Sync="TRUE">meow_ecos_expl</ftname>
        <geoform Sync="TRUE">vector digital data</geoform>
        <onlink>www.nature.org/meow</onlink>
        <edition>Version 2</edition>
        <onlink>www.worldwildlife.org/MEOW/</onlink>
        <onlink>http://conserveonline.org/workspaces/ecoregional.shapefile/MEOW/view</onlink>
        <othercit />
        <pubinfo>
          <publish />
          <pubplace />
        </pubinfo>
      </citeinfo>
      <citeinfo />
    </citation>
    <timeperd>
      <current>publication date</current>
      <timeinfo>
        <sngdate />
        <current />
      </timeinfo>
      <timeinfo />
    </timeperd>
    <status>
      <progress>Complete</progress>
      <update>Irregular</update>
    </status>
    <spdom>
      <bounding>
        <westbc Sync="TRUE">-180.000000</westbc>
        <eastbc Sync="TRUE">180.000000</eastbc>
        <northbc Sync="TRUE">86.919396</northbc>
        <southbc Sync="TRUE">-89.900000</southbc>
      </bounding>
      <lboundng>
        <leftbc Sync="TRUE">-180.000000</leftbc>
        <rightbc Sync="TRUE">180.000000</rightbc>
        <bottombc Sync="TRUE">-89.900000</bottombc>
        <topbc Sync="TRUE">86.919396</topbc>
      </lboundng>
      <bounding />
    </spdom>
    <keywords>
      <theme>
        <themekt>REQUIRED: Reference to a formally registered thesaurus or a similar authoritative source of theme keywords.</themekt>
        <themekey>Marine</themekey>
        <themekey>Biogeography</themekey>
        <themekey>Ecoregion</themekey>
        <themekey>Realm</themekey>
      </theme>
      <place>
        <placekey>Global</placekey>
        <placekey>World</placekey>
        <placekey>Oceans</placekey>
      </place>
      <stratum>
        <stratkey>Ecoregion</stratkey>
        <stratkey>Shelf</stratkey>
      </stratum>
    </keywords>
    <accconst>All data are provided as is. This is not a survey quality dataset. The authors make no warranty as to the currency, completeness, accuracy or utility of any specific data. This disclaimer applies both to individual use of the data and aggregate use with other data. It is strongly recommended that careful attention be paid to the contents of the metadata file associated with these data.</accconst>
    <useconst>Any modification of the original map to ecoregion boundaries, units, names, or realm and province classes must be noted and explained alongside the original citation.  (For citation, see Data Set Credit.)

The MEOW Working Group (authors Spalding et al.) shall not be held liable for improper or incorrect use of the data described and/or contained herein. Any sale, distribution, loan, or offering for use of these digital data, in whole or in part, is prohibited without the approval of the MEOW Working Group. The use of these data to produce other GIS products and services with the intent to sell for a profit is prohibited without the written consent of the MEOW Working Group. All parties receiving these data must be informed of these restrictions. The MEOW Working Group and its members' respective organizations shall be acknowledged as data contributors to any reports or other products derived from these data.</useconst>
    <natvform Sync="TRUE">Personal GeoDatabase Feature Class</natvform>
    <datacred>Spalding MD, Fox HE, Allen GR, Davidson N, Ferdaña ZA, Finlayson M, Halpern BS, Jorge MA, Lombana A, Lourie SA, Martin KD, McManus E, Molnar J, Recchia CA, Robertson J (2007) Marine Ecoregions of the World: a bioregionalization of coast and shelf areas. BioScience 57: 573-583.</datacred>
    <ptcontac>
      <cntinfo>
        <cntperp>
          <cntper>Jamie Robertson</cntper>
          <cntorg />
        </cntperp>
        <cntinst>jrobertson@tnc.org</cntinst>
        <cntemail />
      </cntinfo>
      <cntinfo />
    </ptcontac>
  </idinfo>
  <dataIdInfo>
    <envirDesc Sync="TRUE">Microsoft Windows XP Version 5.1 (Build 2600) Service Pack 3; ESRI ArcGIS 10.0.0.2414</envirDesc>
    <dataLang>
      <languageCode Sync="TRUE" value="en" country="US" />
    </dataLang>
    <idCitation>
      <resTitle Sync="TRUE">meow_ecos_expl_clipped</resTitle>
      <presForm>
        <PresFormCd Sync="TRUE" value="005" />
      </presForm>
    </idCitation>
    <spatRpType>
      <SpatRepTypCd Sync="TRUE" value="001" />
    </spatRpType>
    <dataExt>
      <geoEle>
        <GeoBndBox esriExtentType="native">
          <westBL Sync="TRUE">-180</westBL>
          <eastBL Sync="TRUE">180</eastBL>
          <northBL Sync="TRUE">86.919396</northBL>
          <southBL Sync="TRUE">-89.9</southBL>
          <exTypeCode Sync="TRUE">1</exTypeCode>
        </GeoBndBox>
      </geoEle>
    </dataExt>
    <geoBox esriExtentType="decdegrees">
      <westBL Sync="TRUE">-180</westBL>
      <eastBL Sync="TRUE">180</eastBL>
      <northBL Sync="TRUE">86.919396</northBL>
      <southBL Sync="TRUE">-89.9</southBL>
      <exTypeCode Sync="TRUE">1</exTypeCode>
    </geoBox>
    <descKeys>
      <thesaName uuidref="723f6998-058e-11dc-8314-0800200c9a66" />
      <keyword Sync="TRUE">002</keyword>
    </descKeys>
  </dataIdInfo>
  <metainfo>
    <langmeta Sync="TRUE">en</langmeta>
    <metstdn Sync="TRUE">FGDC Content Standards for Digital Geospatial Metadata</metstdn>
    <metstdv Sync="TRUE">FGDC-STD-001-1998</metstdv>
    <mettc Sync="TRUE">local time</mettc>
    <metc>
      <cntinfo>
        <cntorgp>
          <cntper>James Robertson</cntper>
          <cntorg>The Nature Conservancy</cntorg>
        </cntorgp>
        <cntaddr>
          <addrtype>4245 Fairfax Drive, Suite 100</addrtype>
          <city>Arlington</city>
          <state>Virginia</state>
          <postal>22203</postal>
          <country>USA</country>
        </cntaddr>
        <cntvoice>703-841-5300</cntvoice>
        <cntpos>GIS Analyst -- Global Science Division</cntpos>
        <cntemail>jrobertson@tnc.org</cntemail>
      </cntinfo>
    </metc>
    <metd Sync="TRUE">20101201</metd>
    <metextns>
      <onlink>http://conserveonline.org/workspaces/ecoregional.shapefile/</onlink>
      <metprof Sync="TRUE">ESRI Metadata Profile</metprof>
    </metextns>
  </metainfo>
  <mdLang>
    <languageCode Sync="TRUE" value="en" />
  </mdLang>
  <mdStanName Sync="TRUE">ISO 19115 Geographic Information - Metadata</mdStanName>
  <mdStanVer Sync="TRUE">DIS_ESRI1.0</mdStanVer>
  <mdChar>
    <CharSetCd Sync="TRUE" value="004" />
  </mdChar>
  <mdHrLv>
    <ScopeCd Sync="TRUE" value="005" />
  </mdHrLv>
  <mdHrLvName Sync="TRUE">dataset</mdHrLvName>
  <distinfo>
    <distrib>
      <cntinfo>
        <cntorgp>
          <cntorg>Data Basin</cntorg>
          <cntper>Data Basin Administrator</cntper>
        </cntorgp>
        <cntaddr>
          <addrtype>physical address</addrtype>
          <address>136 SW Washington Ave, Suite 202</address>
          <city>Corvallis</city>
          <state>OR</state>
          <postal>97333</postal>
          <country>USA</country>
        </cntaddr>
        <cntvoice>541-757-0687</cntvoice>
        <cntemail>databasin_admin@consbio.org</cntemail>
      </cntinfo>
    </distrib>
    <resdesc>Marine Ecoregions</resdesc>
    <distliab>No warranty is made by Data Basin for use of this dataset.  No warranty is made by Data Basin regarding the accuracy, reliability, or completeness of this dataset. In no event shall Data Basin have any liability whatsoever for payment of any consequential, incidental, indirect, special, or tort damages of any kind, including, but not limited to, any loss of profits arising out of the use or reliance on the geographic or attribute data contained within this dataset or arising out of the delivery, installation, operation, or support by Data Basin.</distliab>
    <stdorder>
      <digform>
        <digtinfo>
          <formname />
          <formvern>ArcGIS  10</formvern>
          <formspec />
          <filedec>No compression applied</filedec>
        </digtinfo>
        <digtopt>
          <onlinopt>
            <computer>
              <networka>
                <networkr />
              </networka>
            </computer>
            <accinstr>Download from http://databasin.org</accinstr>
          </onlinopt>
        </digtopt>
      </digform>
      <fees>None</fees>
      <ordering>Download from http://databasin.org</ordering>
    </stdorder>
    <techpreq>ESRI ArcGIS Desktop and supporting operating systems.</techpreq>
  </distinfo>
  <distInfo>
    <distributor>
      <distorTran>
        <onLineSrc>
          <orDesc Sync="TRUE">002</orDesc>
          <linkage Sync="TRUE">file://\\AA100-L3A1444\C$\GISdata\WWF_ecoregions\Google_MEOW.mdb</linkage>
          <protocol Sync="TRUE">Local Area Network</protocol>
        </onLineSrc>
        <transSize Sync="TRUE">0.395</transSize>
      </distorTran>
      <distorFormat>
        <formatName Sync="TRUE">Personal GeoDatabase Feature Class</formatName>
      </distorFormat>
    </distributor>
    <distFormat>
      <formatName Sync="TRUE">Shapefile</formatName>
    </distFormat>
    <distTranOps>
      <transSize Sync="TRUE">0.000</transSize>
    </distTranOps>
  </distInfo>
  <spdoinfo>
    <direct Sync="TRUE">Vector</direct>
    <ptvctinf>
      <esriterm Name="meow_ecos_expl_clipped">
        <efeatyp Sync="TRUE">Simple</efeatyp>
        <efeageom Sync="TRUE">4</efeageom>
        <esritopo Sync="TRUE">FALSE</esritopo>
        <efeacnt Sync="TRUE">0</efeacnt>
        <spindex Sync="TRUE">FALSE</spindex>
        <linrefer Sync="TRUE">FALSE</linrefer>
      </esriterm>
    </ptvctinf>
  </spdoinfo>
  <spref>
    <horizsys>
      <cordsysn>
        <geogcsn Sync="TRUE">GCS_WGS_1984</geogcsn>
      </cordsysn>
      <geograph>
        <geogunit Sync="TRUE">Decimal degrees</geogunit>
        <latres Sync="TRUE">0.000000</latres>
        <longres Sync="TRUE">0.000000</longres>
      </geograph>
      <geodetic>
        <horizdn Sync="TRUE">D_WGS_1984</horizdn>
        <ellips Sync="TRUE">WGS_1984</ellips>
        <semiaxis Sync="TRUE">6378137.000000</semiaxis>
        <denflat Sync="TRUE">298.257224</denflat>
      </geodetic>
    </horizsys>
    <vertdef>
      <altsys>
        <altenc Sync="TRUE">Explicit elevation coordinate included with horizontal coordinates</altenc>
        <altres Sync="TRUE">0.000100</altres>
      </altsys>
    </vertdef>
  </spref>
  <refSysInfo>
    <RefSystem>
      <refSysID>
        <identCode Sync="TRUE" code="4326">GCS_WGS_1984</identCode>
        <idCodeSpace Sync="TRUE">EPSG</idCodeSpace>
        <idVersion Sync="TRUE">7.4.1</idVersion>
      </refSysID>
    </RefSystem>
  </refSysInfo>
  <spatRepInfo>
    <VectSpatRep>
      <topLvl>
        <TopoLevCd Sync="TRUE" value="001" />
      </topLvl>
      <geometObjs Name="meow_ecos_expl">
        <geoObjTyp>
          <GeoObjTypCd Sync="TRUE" value="002" />
          <geoObjCnt Sync="TRUE">0</geoObjCnt>
        </geoObjTyp>
        <geoObjCnt Sync="TRUE">0</geoObjCnt>
      </geometObjs>
    </VectSpatRep>
  </spatRepInfo>
  <eainfo>
    <detailed Name="meow_ecos_expl_clipped">
      <attr>
        <attrlabl Sync="TRUE">Lat_Zone</attrlabl>
        <attalias Sync="TRUE">Lat_Zone</attalias>
        <attrtype Sync="TRUE">String</attrtype>
        <attwidth Sync="TRUE">10</attwidth>
        <attrdef>Latitudinal Zone indicates whether the ecoregion is Polar, Temperate, or Tropical.</attrdef>
        <attrdefs>TNC</attrdefs>
        <atprecis Sync="TRUE">0</atprecis>
        <attscale Sync="TRUE">0</attscale>
        <attrdomv />
      </attr>
      <attr>
        <attrlabl Sync="TRUE">FID</attrlabl>
        <attalias Sync="TRUE">FID</attalias>
        <attrtype Sync="TRUE">OID</attrtype>
        <attwidth Sync="TRUE">4</attwidth>
        <atprecis Sync="TRUE">0</atprecis>
        <attscale Sync="TRUE">0</attscale>
        <attrdef Sync="TRUE">Internal feature number.</attrdef>
        <attrdefs Sync="TRUE">ESRI</attrdefs>
        <attrdomv>
          <udom Sync="TRUE">Sequential unique whole numbers that are automatically generated.</udom>
        </attrdomv>
      </attr>
      <attr>
        <attrlabl Sync="TRUE">REALM</attrlabl>
        <attalias Sync="TRUE">REALM</attalias>
        <attrtype Sync="TRUE">String</attrtype>
        <attwidth Sync="TRUE">40</attwidth>
        <atprecis Sync="TRUE">0</atprecis>
        <attscale Sync="TRUE">0</attscale>
        <attrdef />
        <attrdomv />
      </attr>
      <enttyp>
        <enttypl Sync="TRUE">meow_ecos_expl_clipped</enttypl>
        <enttypt Sync="TRUE">Feature Class</enttypt>
        <enttypc Sync="TRUE">0</enttypc>
        <enttypd>Marine Ecoregions of the World</enttypd>
      </enttyp>
      <attr>
        <attrlabl Sync="TRUE">Shape</attrlabl>
        <attalias Sync="TRUE">Shape</attalias>
        <attrtype Sync="TRUE">Geometry</attrtype>
        <attwidth Sync="TRUE">0</attwidth>
        <atprecis Sync="TRUE">0</atprecis>
        <attscale Sync="TRUE">0</attscale>
        <attrdef Sync="TRUE">Feature geometry.</attrdef>
        <attrdefs Sync="TRUE">ESRI</attrdefs>
        <attrdomv>
          <udom Sync="TRUE">Coordinates defining the features.</udom>
        </attrdomv>
      </attr>
      <attr>
        <attrlabl Sync="TRUE">ECO_CODE</attrlabl>
        <attalias Sync="TRUE">ECO_CODE</attalias>
        <attrtype Sync="TRUE">Double</attrtype>
        <attwidth Sync="TRUE">19</attwidth>
        <attrdef>Unique ecoregion identifier</attrdef>
        <atprecis Sync="TRUE">0</atprecis>
        <attscale Sync="TRUE">0</attscale>
        <attrdomv />
      </attr>
      <attr>
        <attrlabl Sync="TRUE">ECOREGION</attrlabl>
        <attalias Sync="TRUE">ECOREGION</attalias>
        <attrtype Sync="TRUE">String</attrtype>
        <attwidth Sync="TRUE">50</attwidth>
        <attrdef>Ecoregion name</attrdef>
        <atprecis Sync="TRUE">0</atprecis>
        <attscale Sync="TRUE">0</attscale>
        <attrdomv />
      </attr>
      <attr>
        <attrlabl Sync="TRUE">PROV_CODE</attrlabl>
        <attalias Sync="TRUE">PROV_CODE</attalias>
        <attrtype Sync="TRUE">Double</attrtype>
        <attwidth Sync="TRUE">19</attwidth>
        <attrdef>Unique province identifier</attrdef>
        <atprecis Sync="TRUE">0</atprecis>
        <attscale Sync="TRUE">0</attscale>
        <attrdomv />
      </attr>
      <attr>
        <attrlabl Sync="TRUE">PROVINCE</attrlabl>
        <attalias Sync="TRUE">PROVINCE</attalias>
        <attrtype Sync="TRUE">String</attrtype>
        <attwidth Sync="TRUE">40</attwidth>
        <attrdef>Province name</attrdef>
        <atprecis Sync="TRUE">0</atprecis>
        <attscale Sync="TRUE">0</attscale>
        <attrdomv />
      </attr>
      <attr>
        <attrlabl Sync="TRUE">RLM_CODE</attrlabl>
        <attalias Sync="TRUE">RLM_CODE</attalias>
        <attrtype Sync="TRUE">Double</attrtype>
        <attwidth Sync="TRUE">19</attwidth>
        <attrdef>Unique realm identifier</attrdef>
        <atprecis Sync="TRUE">0</atprecis>
        <attscale Sync="TRUE">0</attscale>
        <attrdomv />
      </attr>
      <attr>
        <attrlabl Sync="TRUE">ALT_CODE</attrlabl>
        <attalias Sync="TRUE">ALT_CODE</attalias>
        <attrtype Sync="TRUE">Double</attrtype>
        <attwidth Sync="TRUE">19</attwidth>
        <atprecis Sync="TRUE">0</atprecis>
        <attscale Sync="TRUE">0</attscale>
        <attrdef />
        <attrdomv />
      </attr>
      <attr>
        <attrlabl Sync="TRUE">Shape_Area</attrlabl>
        <attalias Sync="TRUE">Shape_Area</attalias>
        <attrtype Sync="TRUE">Double</attrtype>
        <attwidth Sync="TRUE">19</attwidth>
        <attrdef Sync="TRUE">Area of feature in internal units squared.</attrdef>
        <attrdefs Sync="TRUE">ESRI</attrdefs>
        <attrdomv>
          <udom Sync="TRUE">Positive real numbers that are automatically generated.</udom>
        </attrdomv>
        <atprecis Sync="TRUE">0</atprecis>
        <attscale Sync="TRUE">0</attscale>
      </attr>
      <attr>
        <attrlabl Sync="TRUE">ECO_CODE_X</attrlabl>
        <attalias Sync="TRUE">ECO_CODE_X</attalias>
        <attrtype Sync="TRUE">Double</attrtype>
        <attwidth Sync="TRUE">19</attwidth>
        <atprecis Sync="TRUE">0</atprecis>
        <attscale Sync="TRUE">0</attscale>
        <attrdef />
        <attrdomv />
      </attr>
      <attr>
        <attrlabl Sync="TRUE">ORIG_FID</attrlabl>
        <attalias Sync="TRUE">ORIG_FID</attalias>
        <attrtype Sync="TRUE">Integer</attrtype>
        <attwidth Sync="TRUE">9</attwidth>
        <atprecis Sync="TRUE">9</atprecis>
        <attscale Sync="TRUE">0</attscale>
        <attrdef />
        <attrdomv />
      </attr>
      <attr>
        <attrlabl Sync="TRUE">Shape_Le_1</attrlabl>
        <attalias Sync="TRUE">Shape_Le_1</attalias>
        <attrtype Sync="TRUE">Double</attrtype>
        <attwidth Sync="TRUE">19</attwidth>
        <atprecis Sync="TRUE">0</atprecis>
        <attscale Sync="TRUE">0</attscale>
        <attrdef />
        <attrdomv />
      </attr>
      <attr>
        <attrlabl Sync="TRUE">Shape_Leng</attrlabl>
        <attalias Sync="TRUE">Shape_Leng</attalias>
        <attrtype Sync="TRUE">Double</attrtype>
        <attwidth Sync="TRUE">19</attwidth>
        <atprecis Sync="TRUE">0</atprecis>
        <attscale Sync="TRUE">0</attscale>
        <attrdef />
        <attrdomv />
      </attr>
    </detailed>
  </eainfo>
  <mdDateSt Sync="TRUE">20110425</mdDateSt>
  <dataqual>
    <lineage>
      <procstep>
        <date Sync="TRUE">20070210</date>
        <time Sync="TRUE">15093700</time>
      </procstep>
      <procstep>
        <date Sync="TRUE">20070418</date>
        <time Sync="TRUE">10392700</time>
      </procstep>
      <procstep>
        <procdesc Sync="TRUE">Metadata imported.</procdesc>
        <srcused Sync="TRUE">C:\WorkSpace\Metadata\mspalding\MEOWv2_26apr07.shp.xml</srcused>
        <date Sync="TRUE">20070604</date>
        <time Sync="TRUE">11464500</time>
      </procstep>
      <procstep>
        <procdesc Sync="TRUE">Dataset copied.</procdesc>
        <srcused Sync="TRUE">C:\WorkSpace\Marine_workspace\MEOW\EcoRegions_workspace\MEOWv2_workspace\MEOWv2_final_June2007</srcused>
        <date Sync="TRUE">20070606</date>
        <time Sync="TRUE">09421600</time>
      </procstep>
      <procstep>
        <procdesc Sync="TRUE">Dataset moved.</procdesc>
        <srcused Sync="TRUE">C:\WorkSpace\Marine_workspace\MEOW\EcoRegions_workspace\MEOWv2_workspace\MEOWv2_June2007</srcused>
        <date Sync="TRUE">20070607</date>
        <time Sync="TRUE">09473400</time>
      </procstep>
      <procstep>
        <procdesc Sync="TRUE">Dataset moved.</procdesc>
        <srcused Sync="TRUE">C:\WorkSpace\Marine_workspace\MEOW\EcoRegions_workspace\MEOWv2_workspace\New Folder\MEOWv2_June2007</srcused>
        <date Sync="TRUE">20070607</date>
        <time Sync="TRUE">09495400</time>
      </procstep>
    </lineage>
    <logic>The general standard used to delineate biogeographic boundaries is that they follow taxonomic (phylogenetic) boundaries, with the finest level (ecoregional) boundaries marking out areas of relatively homogenous species composition. The classification is largely based on existing regional classifications and there is some variance in the approaches used by the original authors although every effort was made to develop an internally consistent report and to reject sources that were not in accord with the definitions developed and presented in Spalding et al 2007.</logic>
    <complete>Global</complete>
    <attracc>
      <attraccr />
    </attracc>
  </dataqual>
</metadata>

